filename,model_path,exists,legacy_sc,python_sc,abs_error,rel_error,error
6A6I_seed-614460_sample-1model,/media/cuixi/data01/lluoto/6A6I/seed-614460_sample-1/model.pdb,True,0.617,0.48046508478711925,0.13653491521288075,0.22128835528829943,
6A6I_seed-7328819_sample-1model,/media/cuixi/data01/lluoto/6A6I/seed-7328819_sample-1/model.pdb,True,0.637,0.5674917214761579,0.06950827852384212,0.10911817664653393,
6A6I_seed-52377_sample-4model,/media/cuixi/data01/lluoto/6A6I/seed-52377_sample-4/model.pdb,True,0.641,0.5026447742039506,0.13835522579604942,0.21584278595327522,
6A6I_seed-475010_sample-1model,/media/cuixi/data01/lluoto/6A6I/seed-475010_sample-1/model.pdb,True,0.616,0.4508426839564425,0.1651573160435575,0.2681125260447362,
6A6I_seed-60188_sample-3model,/media/cuixi/data01/lluoto/6A6I/seed-60188_sample-3/model.pdb,True,0.586,0.5343604973796388,0.05163950262036121,0.0881220181234833,
6A6I_seed-1864551_sample-1model,/media/cuixi/data01/lluoto/6A6I/seed-1864551_sample-1/model.pdb,True,0.577,0.41684922578220307,0.1601507742177969,0.2775576676218317,
6A6I_seed-7115957_sample-2model,/media/cuixi/data01/lluoto/6A6I/seed-7115957_sample-2/model.pdb,True,0.628,0.5218777266359986,0.10612227336400137,0.16898451172611684,
6A6I_seed-976083_sample-1model,/media/cuixi/data01/lluoto/6A6I/seed-976083_sample-1/model.pdb,True,0.611,0.4665881154087098,0.14441188459129017,0.23635332993664512,
6A6I_seed-592774_sample-0model,/media/cuixi/data01/lluoto/6A6I/seed-592774_sample-0/model.pdb,True,0.645,0.5208929828210873,0.1241070171789127,0.19241398012234529,
6A6I_seed-958038_sample-2model,/media/cuixi/data01/lluoto/6A6I/seed-958038_sample-2/model.pdb,True,0.59,0.44133194164048506,0.1486680583595149,0.2519797599313812,
6A6I_seed-2367127_sample-2model,/media/cuixi/data01/lluoto/6A6I/seed-2367127_sample-2/model.pdb,True,0.575,0.4707168421585728,0.10428315784142717,0.18136201363726465,
6A6I_seed-4553996_sample-4model,/media/cuixi/data01/lluoto/6A6I/seed-4553996_sample-4/model.pdb,True,0.597,0.5064275053969601,0.09057249460303984,0.15171272127812369,
6A6I_seed-44925_sample-4model,/media/cuixi/data01/lluoto/6A6I/seed-44925_sample-4/model.pdb,True,0.596,0.5131439134417798,0.08285608655822019,0.13902027946010098,
6A6I_seed-7536905_sample-2model,/media/cuixi/data01/lluoto/6A6I/seed-7536905_sample-2/model.pdb,True,0.606,0.484375792407517,0.12162420759248299,0.20070001252884984,
6A6I_seed-896766_sample-1model,/media/cuixi/data01/lluoto/6A6I/seed-896766_sample-1/model.pdb,True,0.607,0.5019304074236146,0.10506959257638537,0.1730965281324306,
6A6I_seed-9061760_sample-3model,/media/cuixi/data01/lluoto/6A6I/seed-9061760_sample-3/model.pdb,True,0.619,0.47786542666524595,0.14113457333475404,0.22800415724516002,
6A6I_seed-3472535_sample-0model,/media/cuixi/data01/lluoto/6A6I/seed-3472535_sample-0/model.pdb,True,0.605,0.515331141128855,0.08966885887114495,0.14821298986966108,
6A6I_seed-2111856_sample-3model,/media/cuixi/data01/lluoto/6A6I/seed-2111856_sample-3/model.pdb,True,0.598,0.4405930654820386,0.1574069345179614,0.26322229852501905,
6A6I_seed-204505_sample-4model,/media/cuixi/data01/lluoto/6A6I/seed-204505_sample-4/model.pdb,True,0.617,0.5507017058876069,0.06629829411239307,0.10745266468783318,
6A6I_seed-3299573_sample-3model,/media/cuixi/data01/lluoto/6A6I/seed-3299573_sample-3/model.pdb,True,0.603,0.4962230094069641,0.10677699059303586,0.17707626964019213,
6A6I_seed-279716_sample-0model,/media/cuixi/data01/lluoto/6A6I/seed-279716_sample-0/model.pdb,True,0.574,0.4681633388015902,0.10583666119840973,0.18438442717492987,
6A6I_seed-4629991_sample-1model,/media/cuixi/data01/lluoto/6A6I/seed-4629991_sample-1/model.pdb,True,0.615,0.4683653365382566,0.14663466346174336,0.23843034709226563,
6A6I_seed-2333229_sample-3model,/media/cuixi/data01/lluoto/6A6I/seed-2333229_sample-3/model.pdb,True,0.639,0.5508078967725797,0.08819210322742033,0.13801581099752788,
6A6I_seed-565733_sample-3model,/media/cuixi/data01/lluoto/6A6I/seed-565733_sample-3/model.pdb,True,0.597,0.46532327066178836,0.13167672933821162,0.22056403574239802,
6A6I_seed-9814955_sample-3model,/media/cuixi/data01/lluoto/6A6I/seed-9814955_sample-3/model.pdb,True,0.622,0.5479945450031876,0.07400545499681244,0.11897983118458591,
6A6I_seed-5365195_sample-2model,/media/cuixi/data01/lluoto/6A6I/seed-5365195_sample-2/model.pdb,True,0.623,0.4718766329827162,0.1511233670172838,0.24257362282068023,
6A6I_seed-1067921_sample-4model,/media/cuixi/data01/lluoto/6A6I/seed-1067921_sample-4/model.pdb,True,0.606,0.4657704014696564,0.14022959853034356,0.23140197777284416,
6A6I_seed-4271867_sample-2model,/media/cuixi/data01/lluoto/6A6I/seed-4271867_sample-2/model.pdb,True,0.586,0.43507923664203263,0.15092076335796734,0.2575439647746883,
6A6I_seed-6439119_sample-2model,/media/cuixi/data01/lluoto/6A6I/seed-6439119_sample-2/model.pdb,True,0.638,0.5489933497026646,0.08900665029733545,0.13950885626541606,
6A6I_seed-958038_sample-1model,/media/cuixi/data01/lluoto/6A6I/seed-958038_sample-1/model.pdb,True,0.589,0.4490780079774519,0.13992199202254807,0.23755856030992883,
6A6I_seed-5662923_sample-1model,/media/cuixi/data01/lluoto/6A6I/seed-5662923_sample-1/model.pdb,True,0.632,0.5008934830759838,0.1311065169240162,0.20744702044939273,
6A6I_seed-1020037_sample-3model,/media/cuixi/data01/lluoto/6A6I/seed-1020037_sample-3/model.pdb,True,0.614,0.45903437898618243,0.15496562101381756,0.25238700490849764,
6A6I_seed-4821021_sample-2model,/media/cuixi/data01/lluoto/6A6I/seed-4821021_sample-2/model.pdb,True,0.648,0.5303572568752348,0.11764274312476519,0.18154744309377344,
6A6I_seed-4553996_sample-0model,/media/cuixi/data01/lluoto/6A6I/seed-4553996_sample-0/model.pdb,True,0.615,0.46688776993293846,0.14811223006706153,0.24083289441798625,
6A6I_seed-5899171_sample-0model,/media/cuixi/data01/lluoto/6A6I/seed-5899171_sample-0/model.pdb,True,0.626,0.5090857884121187,0.11691421158788129,0.18676391627457076,
6A6I_seed-4738161_sample-2model,/media/cuixi/data01/lluoto/6A6I/seed-4738161_sample-2/model.pdb,True,0.643,0.5098669691879236,0.1331330308120764,0.20704981463775488,
6A6I_seed-1485043_sample-2model,/media/cuixi/data01/lluoto/6A6I/seed-1485043_sample-2/model.pdb,True,0.598,0.42932198630896856,0.16867801369103141,0.28207025700841376,
6A6I_seed-4517818_sample-2model,/media/cuixi/data01/lluoto/6A6I/seed-4517818_sample-2/model.pdb,True,0.6,0.48934624390792103,0.11065375609207895,0.1844229268201316,
6A6I_seed-614460_sample-4model,/media/cuixi/data01/lluoto/6A6I/seed-614460_sample-4/model.pdb,True,0.615,0.5021643957636999,0.11283560423630012,0.18347252721349613,
6A6I_seed-592774_sample-4model,/media/cuixi/data01/lluoto/6A6I/seed-592774_sample-4/model.pdb,True,0.603,0.46077064914950605,0.14222935085049393,0.2358695702329916,
6A6I_seed-1661761_sample-3model,/media/cuixi/data01/lluoto/6A6I/seed-1661761_sample-3/model.pdb,True,0.651,0.49861375041018563,0.1523862495898144,0.23408026050662734,
6A6I_seed-3931180_sample-0model,/media/cuixi/data01/lluoto/6A6I/seed-3931180_sample-0/model.pdb,True,0.587,0.4567923234166106,0.1302076765833894,0.22181886981838056,
6A6I_seed-3048189_sample-3model,/media/cuixi/data01/lluoto/6A6I/seed-3048189_sample-3/model.pdb,True,0.582,0.3966932999234777,0.18530670007652228,0.31839639188405894,
6A6I_seed-6893703_sample-1model,/media/cuixi/data01/lluoto/6A6I/seed-6893703_sample-1/model.pdb,True,0.572,0.4140057226993947,0.15799427730060528,0.27621377150455473,
6A6I_seed-7969324_sample-3model,/media/cuixi/data01/lluoto/6A6I/seed-7969324_sample-3/model.pdb,True,0.594,0.49787662521145115,0.09612337478854882,0.16182386328038523,
6A6I_seed-2706288_sample-0model,/media/cuixi/data01/lluoto/6A6I/seed-2706288_sample-0/model.pdb,True,0.612,0.4864265251402107,0.1255734748597893,0.20518541643756424,
6A6I_seed-5632116_sample-3model,/media/cuixi/data01/lluoto/6A6I/seed-5632116_sample-3/model.pdb,True,0.579,0.4776418778426317,0.10135812215736828,0.17505720579856354,
6A6I_seed-5137724_sample-0model,/media/cuixi/data01/lluoto/6A6I/seed-5137724_sample-0/model.pdb,True,0.602,0.4949201508943331,0.10707984910566687,0.1778735034977855,
6A6I_seed-6440069_sample-1model,/media/cuixi/data01/lluoto/6A6I/seed-6440069_sample-1/model.pdb,True,0.629,0.5395348375374699,0.08946516246253011,0.14223396257953913,
6A6I_seed-7322849_sample-2model,/media/cuixi/data01/lluoto/6A6I/seed-7322849_sample-2/model.pdb,True,0.651,0.5286445440203649,0.12235545597963515,0.18795000918530744,
6A6I_seed-4381233_sample-1model,/media/cuixi/data01/lluoto/6A6I/seed-4381233_sample-1/model.pdb,True,0.602,0.47073139914857376,0.13126860085142622,0.21805415423824953,
6A6I_seed-5899171_sample-4model,/media/cuixi/data01/lluoto/6A6I/seed-5899171_sample-4/model.pdb,True,0.59,0.454589580440277,0.135410419559723,0.22950918569444576,
6A6I_seed-565733_sample-4model,/media/cuixi/data01/lluoto/6A6I/seed-565733_sample-4/model.pdb,True,0.656,0.5297947232677573,0.1262052767322427,0.19238609257963823,
6A6I_seed-3470202_sample-4model,/media/cuixi/data01/lluoto/6A6I/seed-3470202_sample-4/model.pdb,True,0.597,0.42292537039743705,0.17407462960256292,0.29158229414164644,
6A6I_seed-62687_sample-4model,/media/cuixi/data01/lluoto/6A6I/seed-62687_sample-4/model.pdb,True,0.585,0.4492145906260176,0.13578540937398237,0.23211181089569638,
6A6I_seed-6920217_sample-4model,/media/cuixi/data01/lluoto/6A6I/seed-6920217_sample-4/model.pdb,True,0.632,0.5243019463319765,0.10769805366802354,0.17040831276586002,
6A6I_seed-7002297_sample-1model,/media/cuixi/data01/lluoto/6A6I/seed-7002297_sample-1/model.pdb,True,0.631,0.5748778067198496,0.056122193280150445,0.08894166922369326,
6A6I_seed-6826974_sample-0model,/media/cuixi/data01/lluoto/6A6I/seed-6826974_sample-0/model.pdb,True,0.612,0.5039504398364891,0.10804956016351086,0.1765515688946256,
6A6I_seed-5738523_sample-2model,/media/cuixi/data01/lluoto/6A6I/seed-5738523_sample-2/model.pdb,True,0.612,0.44227174559162064,0.16972825440837935,0.2773337490332996,
6A6I_seed-732152_sample-3model,/media/cuixi/data01/lluoto/6A6I/seed-732152_sample-3/model.pdb,True,0.596,0.49187802884237436,0.10412197115762561,0.1747012938886336,
6A6I_seed-4517818_sample-0model,/media/cuixi/data01/lluoto/6A6I/seed-4517818_sample-0/model.pdb,True,0.632,0.5013237528231929,0.13067624717680715,0.20676621388735308,
6A6I_seed-634254_sample-4model,/media/cuixi/data01/lluoto/6A6I/seed-634254_sample-4/model.pdb,True,0.623,0.4895004438634941,0.13349955613650588,0.214285001824247,
6A6I_seed-6786686_sample-4model,/media/cuixi/data01/lluoto/6A6I/seed-6786686_sample-4/model.pdb,True,0.611,0.4496353116195788,0.16136468838042117,0.2640993263182016,
6A6I_seed-9646241_sample-3model,/media/cuixi/data01/lluoto/6A6I/seed-9646241_sample-3/model.pdb,True,0.624,0.49633581240896446,0.12766418759103554,0.20459004421640312,
6A6I_seed-6672233_sample-2model,/media/cuixi/data01/lluoto/6A6I/seed-6672233_sample-2/model.pdb,True,0.631,0.5046692468608786,0.12633075313912145,0.20020721575138106,
6A6I_seed-3021569_sample-2model,/media/cuixi/data01/lluoto/6A6I/seed-3021569_sample-2/model.pdb,True,0.578,0.4670303921114569,0.11096960788854304,0.1919889409836385,
6A6I_seed-7319590_sample-1model,/media/cuixi/data01/lluoto/6A6I/seed-7319590_sample-1/model.pdb,True,0.597,0.4914098827115493,0.10559011728845069,0.17686786815485878,
6A6I_seed-1903384_sample-2model,/media/cuixi/data01/lluoto/6A6I/seed-1903384_sample-2/model.pdb,True,0.587,0.4755245221843017,0.11147547781569828,0.18990711723287612,
6A6I_seed-6892152_sample-4model,/media/cuixi/data01/lluoto/6A6I/seed-6892152_sample-4/model.pdb,True,0.634,0.5756602548983485,0.05833974510165152,0.09201852539692669,
6A6I_seed-4626543_sample-2model,/media/cuixi/data01/lluoto/6A6I/seed-4626543_sample-2/model.pdb,True,0.575,0.46234917835757905,0.1126508216424209,0.1959144724216016,
6A6I_seed-3097929_sample-2model,/media/cuixi/data01/lluoto/6A6I/seed-3097929_sample-2/model.pdb,True,0.614,0.5166073780438296,0.09739262195617038,0.15861990546607554,
6A6I_seed-2934233_sample-1model,/media/cuixi/data01/lluoto/6A6I/seed-2934233_sample-1/model.pdb,True,0.556,0.44048591484133726,0.1155140851586628,0.20775914596881795,
6A6I_seed-711962_sample-1model,/media/cuixi/data01/lluoto/6A6I/seed-711962_sample-1/model.pdb,True,0.662,0.50482840056521,0.1571715994347901,0.2374193344936406,
6A6I_seed-5008155_sample-2model,/media/cuixi/data01/lluoto/6A6I/seed-5008155_sample-2/model.pdb,True,0.617,0.46242434847566705,0.15457565152433295,0.2505277982566174,
6A6I_seed-5137724_sample-3model,/media/cuixi/data01/lluoto/6A6I/seed-5137724_sample-3/model.pdb,True,0.584,0.494563291627729,0.08943670837227097,0.15314504858265576,
6A6I_seed-565733_sample-1model,/media/cuixi/data01/lluoto/6A6I/seed-565733_sample-1/model.pdb,True,0.574,0.4418814124792617,0.13211858752073824,0.2301717552626102,
6A6I_seed-8549438_sample-1model,/media/cuixi/data01/lluoto/6A6I/seed-8549438_sample-1/model.pdb,True,0.613,0.5272858927703873,0.0857141072296127,0.13982725486070588,
6A6I_seed-976083_sample-2model,/media/cuixi/data01/lluoto/6A6I/seed-976083_sample-2/model.pdb,True,0.625,0.5305404569255321,0.09445954307446791,0.15113526891914866,
6A6I_seed-5353575_sample-3model,/media/cuixi/data01/lluoto/6A6I/seed-5353575_sample-3/model.pdb,True,0.61,0.5056338318091662,0.10436616819083377,0.17109207900136686,
6A6I_seed-6439119_sample-4model,/media/cuixi/data01/lluoto/6A6I/seed-6439119_sample-4/model.pdb,True,0.563,0.47971518301930227,0.08328481698069767,0.14793040316287331,
6A6I_seed-6893703_sample-2model,/media/cuixi/data01/lluoto/6A6I/seed-6893703_sample-2/model.pdb,True,0.66,0.5583302527202432,0.10166974727975686,0.15404507163599523,
6A6I_seed-8578291_sample-4model,/media/cuixi/data01/lluoto/6A6I/seed-8578291_sample-4/model.pdb,True,0.607,0.4500613164462436,0.1569386835537564,0.25854807834226756,
6A6I_seed-7278045_sample-1model,/media/cuixi/data01/lluoto/6A6I/seed-7278045_sample-1/model.pdb,True,0.637,0.445273505816807,0.19172649418319299,0.3009835073519513,
6A6I_seed-630484_sample-4model,/media/cuixi/data01/lluoto/6A6I/seed-630484_sample-4/model.pdb,True,0.614,0.44628935649925666,0.16771064350074333,0.2731443705223833,
6A6I_seed-565733_sample-2model,/media/cuixi/data01/lluoto/6A6I/seed-565733_sample-2/model.pdb,True,0.674,0.5719352304330263,0.10206476956697375,0.15143140885307677,
6A6I_seed-1818050_sample-0model,/media/cuixi/data01/lluoto/6A6I/seed-1818050_sample-0/model.pdb,True,0.591,0.37584423291384395,0.21515576708615602,0.3640537514148156,
6A6I_seed-2057293_sample-0model,/media/cuixi/data01/lluoto/6A6I/seed-2057293_sample-0/model.pdb,True,0.585,0.444540258335102,0.14045974166489794,0.24010212250409907,
6A6I_seed-52377_sample-3model,/media/cuixi/data01/lluoto/6A6I/seed-52377_sample-3/model.pdb,True,0.603,0.42014553831046086,0.18285446168953912,0.3032412299992357,
6A6I_seed-5137724_sample-4model,/media/cuixi/data01/lluoto/6A6I/seed-5137724_sample-4/model.pdb,True,0.63,0.5417391166300976,0.08826088336990245,0.14009664026968643,
6A6I_seed-592774_sample-2model,/media/cuixi/data01/lluoto/6A6I/seed-592774_sample-2/model.pdb,True,0.609,0.521521960036917,0.08747803996308301,0.1436421017456207,
6A6I_seed-6436575_sample-0model,/media/cuixi/data01/lluoto/6A6I/seed-6436575_sample-0/model.pdb,True,0.621,0.5343560889871793,0.08664391101282065,0.13952320613980781,
6A6I_seed-9104068_sample-0model,/media/cuixi/data01/lluoto/6A6I/seed-9104068_sample-0/model.pdb,True,0.643,0.4888637497787355,0.15413625022126454,0.2397142305151859,
6A6I_seed-7064254_sample-0model,/media/cuixi/data01/lluoto/6A6I/seed-7064254_sample-0/model.pdb,True,0.549,0.42788311537277024,0.1211168846272298,0.22061363320078287,
6A6I_seed-930569_sample-4model,/media/cuixi/data01/lluoto/6A6I/seed-930569_sample-4/model.pdb,True,0.605,0.5104130475311974,0.09458695246880255,0.15634207019636787,
6A6I_seed-1042502_sample-4model,/media/cuixi/data01/lluoto/6A6I/seed-1042502_sample-4/model.pdb,True,0.594,0.5096002342600151,0.08439976573998487,0.14208714771041225,
6A6I_seed-9977429_sample-0model,/media/cuixi/data01/lluoto/6A6I/seed-9977429_sample-0/model.pdb,True,0.575,0.4561992699399354,0.11880073006006453,0.20660996532185139,
6A6I_seed-31329_sample-2model,/media/cuixi/data01/lluoto/6A6I/seed-31329_sample-2/model.pdb,True,0.606,0.48044173910830246,0.12555826089169753,0.20719184965626655,
6A6I_seed-727438_sample-2model,/media/cuixi/data01/lluoto/6A6I/seed-727438_sample-2/model.pdb,True,0.633,0.5211081425200331,0.11189185747996688,0.1767643878040551,
6A6I_seed-930569_sample-1model,/media/cuixi/data01/lluoto/6A6I/seed-930569_sample-1/model.pdb,True,0.629,0.5147184756121647,0.11428152438783534,0.1816876381364632,
6A6I_seed-415646_sample-2model,/media/cuixi/data01/lluoto/6A6I/seed-415646_sample-2/model.pdb,True,0.585,0.45685557130810006,0.1281444286918999,0.21905030545623916,
6A6I_seed-1045424_sample-1model,/media/cuixi/data01/lluoto/6A6I/seed-1045424_sample-1/model.pdb,True,0.633,0.5253009315668556,0.10769906843314436,0.17014070842518855,
6A6I_seed-6297859_sample-0model,/media/cuixi/data01/lluoto/6A6I/seed-6297859_sample-0/model.pdb,True,0.585,0.4665429340546231,0.11845706594537686,0.20249071101773825,
6A6I_seed-6461658_sample-3model,/media/cuixi/data01/lluoto/6A6I/seed-6461658_sample-3/model.pdb,True,0.575,0.44989072368335503,0.12510927631664492,0.21758135011590424,
6A6I_seed-4809025_sample-2model,/media/cuixi/data01/lluoto/6A6I/seed-4809025_sample-2/model.pdb,True,0.614,0.4812262603312486,0.1327737396687514,0.2162438756820055,
6A6I_seed-9539861_sample-1model,/media/cuixi/data01/lluoto/6A6I/seed-9539861_sample-1/model.pdb,True,0.608,0.5094667159836302,0.09853328401636974,0.16206132239534496,
6A6I_seed-4470492_sample-0model,/media/cuixi/data01/lluoto/6A6I/seed-4470492_sample-0/model.pdb,True,0.624,0.4926762947081459,0.1313237052918541,0.21045465591643286,
6A6I_seed-3222937_sample-3model,/media/cuixi/data01/lluoto/6A6I/seed-3222937_sample-3/model.pdb,True,0.617,0.5374853134061925,0.07951468659380745,0.1288730738959602,
6A6I_seed-9539861_sample-2model,/media/cuixi/data01/lluoto/6A6I/seed-9539861_sample-2/model.pdb,True,0.61,0.5324649130301502,0.07753508696984979,0.12710669995057342,
6A6I_seed-592774_sample-3model,/media/cuixi/data01/lluoto/6A6I/seed-592774_sample-3/model.pdb,True,0.588,0.489795104361053,0.09820489563894697,0.1670151286376649,
6A6I_seed-3565520_sample-1model,/media/cuixi/data01/lluoto/6A6I/seed-3565520_sample-1/model.pdb,True,0.613,0.551185994055197,0.06181400594480302,0.10083850888222352,
6A6I_seed-7541423_sample-3model,/media/cuixi/data01/lluoto/6A6I/seed-7541423_sample-3/model.pdb,True,0.628,0.4723005444917298,0.1556994555082702,0.247929069280685,
6A6I_seed-7123372_sample-0model,/media/cuixi/data01/lluoto/6A6I/seed-7123372_sample-0/model.pdb,True,0.609,0.45518676651301515,0.15381323348698483,0.25256688585711795,
6A6I_seed-36904_sample-1model,/media/cuixi/data01/lluoto/6A6I/seed-36904_sample-1/model.pdb,True,0.595,0.5245994707044831,0.07040052929551688,0.11832021730338972,
6A6I_seed-3109649_sample-1model,/media/cuixi/data01/lluoto/6A6I/seed-3109649_sample-1/model.pdb,True,0.623,0.49158143117984443,0.13141856882015557,0.2109447332586767,
6A6I_seed-2848065_sample-4model,/media/cuixi/data01/lluoto/6A6I/seed-2848065_sample-4/model.pdb,True,0.572,0.4723694635778183,0.09963053642218167,0.1741792594793386,
6A6I_seed-1813257_sample-2model,/media/cuixi/data01/lluoto/6A6I/seed-1813257_sample-2/model.pdb,True,0.595,0.48310312833545926,0.11189687166454071,0.18806196918410203,
6A6I_seed-4738161_sample-0model,/media/cuixi/data01/lluoto/6A6I/seed-4738161_sample-0/model.pdb,True,0.576,0.430486823337086,0.14551317666291397,0.252627042817559,
6A6I_seed-1240546_sample-4model,/media/cuixi/data01/lluoto/6A6I/seed-1240546_sample-4/model.pdb,True,0.594,0.45368932451978167,0.1403106754802183,0.2362132583842059,
6A6I_seed-204505_sample-3model,/media/cuixi/data01/lluoto/6A6I/seed-204505_sample-3/model.pdb,True,0.692,0.5389453114593254,0.1530546885406745,0.22117729557900942,
6A6I_seed-6436575_sample-3model,/media/cuixi/data01/lluoto/6A6I/seed-6436575_sample-3/model.pdb,True,0.568,0.4752972509241886,0.09270274907581133,0.16320906527431572,
6A6I_seed-8814418_sample-4model,/media/cuixi/data01/lluoto/6A6I/seed-8814418_sample-4/model.pdb,True,0.595,0.47845840876807033,0.11654159123192964,0.19586822055786496,
6A6I_seed-3021569_sample-0model,/media/cuixi/data01/lluoto/6A6I/seed-3021569_sample-0/model.pdb,True,0.578,0.40722468368003684,0.17077531631996312,0.2954590247750227,
6A6I_seed-1240546_sample-3model,/media/cuixi/data01/lluoto/6A6I/seed-1240546_sample-3/model.pdb,True,0.612,0.4741522609380203,0.13784773906197967,0.2252414036960452,
6A6I_seed-8419699_sample-2model,/media/cuixi/data01/lluoto/6A6I/seed-8419699_sample-2/model.pdb,True,0.628,0.45488133772200456,0.17311866227799544,0.2756666596783367,
6A6I_seed-5596136_sample-3model,/media/cuixi/data01/lluoto/6A6I/seed-5596136_sample-3/model.pdb,True,0.57,0.477784988613732,0.09221501138626798,0.1617807217302947,
6A6I_seed-5008155_sample-4model,/media/cuixi/data01/lluoto/6A6I/seed-5008155_sample-4/model.pdb,True,0.603,0.4918519761446431,0.11114802385535688,0.18432508102049236,
6A6I_seed-2962710_sample-1model,/media/cuixi/data01/lluoto/6A6I/seed-2962710_sample-1/model.pdb,True,0.571,0.4724421727334949,0.09855782726650503,0.17260565195535033,
6A6I_seed-1042502_sample-1model,/media/cuixi/data01/lluoto/6A6I/seed-1042502_sample-1/model.pdb,True,0.604,0.4138703445725922,0.19012965542740778,0.31478419772749633,
6A6I_seed-7745187_sample-3model,/media/cuixi/data01/lluoto/6A6I/seed-7745187_sample-3/model.pdb,True,0.605,0.4485968507047111,0.15640314929528887,0.25851760214097336,
6A6I_seed-9356200_sample-3model,/media/cuixi/data01/lluoto/6A6I/seed-9356200_sample-3/model.pdb,True,0.609,0.49685899917093534,0.11214100082906464,0.18413957443196166,
6A6I_seed-5171218_sample-1model,/media/cuixi/data01/lluoto/6A6I/seed-5171218_sample-1/model.pdb,True,0.649,0.5475939367926891,0.10140606320731094,0.1562497121838381,
6A6I_seed-1579680_sample-2model,/media/cuixi/data01/lluoto/6A6I/seed-1579680_sample-2/model.pdb,True,0.577,0.47434821548063955,0.10265178451936041,0.17790603902835428,
6A6I_seed-9497952_sample-1model,/media/cuixi/data01/lluoto/6A6I/seed-9497952_sample-1/model.pdb,True,0.594,0.43314857956834546,0.1608514204316545,0.2707936370903275,
6A6I_seed-5899171_sample-2model,/media/cuixi/data01/lluoto/6A6I/seed-5899171_sample-2/model.pdb,True,0.616,0.5127916538118528,0.10320834618814723,0.16754601653920004,
6A6I_seed-7536905_sample-3model,/media/cuixi/data01/lluoto/6A6I/seed-7536905_sample-3/model.pdb,True,0.572,0.47778547164996504,0.09421452835003491,0.16471071389866243,
6A6I_seed-8814418_sample-2model,/media/cuixi/data01/lluoto/6A6I/seed-8814418_sample-2/model.pdb,True,0.599,0.5182238180967471,0.08077618190325286,0.134851722709938,
6A6I_seed-732152_sample-2model,/media/cuixi/data01/lluoto/6A6I/seed-732152_sample-2/model.pdb,True,0.62,0.5178667007348055,0.10213329926519454,0.164731127847088,
6A6I_seed-6786686_sample-0model,/media/cuixi/data01/lluoto/6A6I/seed-6786686_sample-0/model.pdb,True,0.612,0.4620777812484947,0.1499222187515053,0.24497094567239427,
6A6I_seed-2333229_sample-4model,/media/cuixi/data01/lluoto/6A6I/seed-2333229_sample-4/model.pdb,True,0.601,0.47020305131269274,0.13079694868730724,0.2176321941552533,
6A6I_seed-8248319_sample-3model,/media/cuixi/data01/lluoto/6A6I/seed-8248319_sample-3/model.pdb,True,0.628,0.47358417956155774,0.15441582043844226,0.245885064392424,
6A6I_seed-4582569_sample-1model,/media/cuixi/data01/lluoto/6A6I/seed-4582569_sample-1/model.pdb,True,0.553,0.4000489592500891,0.15295104074991095,0.2765841604880849,
6A6I_seed-475010_sample-0model,/media/cuixi/data01/lluoto/6A6I/seed-475010_sample-0/model.pdb,True,0.545,0.45451258915788306,0.09048741084211698,0.1660319464992972,
6A6I_seed-2333229_sample-2model,/media/cuixi/data01/lluoto/6A6I/seed-2333229_sample-2/model.pdb,True,0.601,0.4965887671536814,0.10441123284631859,0.17372917278921562,
6A6I_seed-7225604_sample-2model,/media/cuixi/data01/lluoto/6A6I/seed-7225604_sample-2/model.pdb,True,0.581,0.45236598695774655,0.12863401304225341,0.22140105515017802,
6A6I_seed-2534801_sample-4model,/media/cuixi/data01/lluoto/6A6I/seed-2534801_sample-4/model.pdb,True,0.597,0.47210876225397114,0.12489123774602884,0.2091980531759277,
6A6I_seed-727438_sample-3model,/media/cuixi/data01/lluoto/6A6I/seed-727438_sample-3/model.pdb,True,0.644,0.5368675393381984,0.1071324606618016,0.16635475258043725,
6A6I_seed-2959009_sample-1model,/media/cuixi/data01/lluoto/6A6I/seed-2959009_sample-1/model.pdb,True,0.556,0.4767352688536929,0.07926473114630717,0.1425624660904805,
6A6I_seed-48323_sample-4model,/media/cuixi/data01/lluoto/6A6I/seed-48323_sample-4/model.pdb,True,0.598,0.5031109169609934,0.09488908303900656,0.1586773963862986,
6A6I_seed-2959009_sample-2model,/media/cuixi/data01/lluoto/6A6I/seed-2959009_sample-2/model.pdb,True,0.585,0.4525309498305561,0.13246905016944388,0.2264428208024682,
6A6I_seed-3021569_sample-3model,/media/cuixi/data01/lluoto/6A6I/seed-3021569_sample-3/model.pdb,True,0.608,0.5324332472085602,0.07556675279143976,0.12428742235434172,
6A6I_seed-3213482_sample-2model,/media/cuixi/data01/lluoto/6A6I/seed-3213482_sample-2/model.pdb,True,0.583,0.47197338311358844,0.11102661688641152,0.1904401661859546,
6A6I_seed-9445303_sample-0model,/media/cuixi/data01/lluoto/6A6I/seed-9445303_sample-0/model.pdb,True,0.629,0.5129942251143158,0.1160057748856842,0.1844288948898,
6A6I_seed-5527746_sample-1model,/media/cuixi/data01/lluoto/6A6I/seed-5527746_sample-1/model.pdb,True,0.605,0.5047310189856687,0.10026898101433124,0.16573385291624998,
6A6I_seed-2962710_sample-3model,/media/cuixi/data01/lluoto/6A6I/seed-2962710_sample-3/model.pdb,True,0.646,0.5369466769587075,0.10905332304129256,0.16881319356237237,
6A6I_seed-6639928_sample-2model,/media/cuixi/data01/lluoto/6A6I/seed-6639928_sample-2/model.pdb,True,0.623,0.4919331575227397,0.1310668424772603,0.21038016448998445,
6A6I_seed-1753403_sample-4model,/media/cuixi/data01/lluoto/6A6I/seed-1753403_sample-4/model.pdb,True,0.58,0.46175342474367426,0.1182465752563257,0.20387340561435469,
6A6I_seed-5945783_sample-3model,/media/cuixi/data01/lluoto/6A6I/seed-5945783_sample-3/model.pdb,True,0.627,0.5142519513215582,0.11274804867844179,0.17982144924791355,
6A6I_seed-5596136_sample-2model,/media/cuixi/data01/lluoto/6A6I/seed-5596136_sample-2/model.pdb,True,0.661,0.5573785163765723,0.10362148362342771,0.15676472560276505,
6A6I_seed-216089_sample-1model,/media/cuixi/data01/lluoto/6A6I/seed-216089_sample-1/model.pdb,True,0.665,0.5372234418096639,0.12777655819033618,0.1921452002862198,
6A6I_seed-6585008_sample-0model,/media/cuixi/data01/lluoto/6A6I/seed-6585008_sample-0/model.pdb,True,0.539,0.4124876152861949,0.12651238471380516,0.23471685475659582,
6A6I_seed-2333229_sample-0model,/media/cuixi/data01/lluoto/6A6I/seed-2333229_sample-0/model.pdb,True,0.638,0.46979494529880783,0.16820505470119218,0.26364428636550497,
6A6I_seed-3213482_sample-4model,/media/cuixi/data01/lluoto/6A6I/seed-3213482_sample-4/model.pdb,True,0.586,0.4572886547163212,0.12871134528367878,0.21964393393119247,
6A6I_seed-6085369_sample-3model,/media/cuixi/data01/lluoto/6A6I/seed-6085369_sample-3/model.pdb,True,0.617,0.4694709960714594,0.14752900392854057,0.23910697557299931,
6A6I_seed-6892152_sample-3model,/media/cuixi/data01/lluoto/6A6I/seed-6892152_sample-3/model.pdb,True,0.611,0.4775893377976411,0.13341066220235887,0.2183480559776741,
6A6I_seed-9045222_sample-0model,/media/cuixi/data01/lluoto/6A6I/seed-9045222_sample-0/model.pdb,True,0.661,0.5260850291174076,0.1349149708825924,0.20410736896004902,
6A6I_seed-1579680_sample-0model,/media/cuixi/data01/lluoto/6A6I/seed-1579680_sample-0/model.pdb,True,0.589,0.442466407964731,0.14653359203526894,0.24878368766599143,
6A6I_seed-8549438_sample-3model,/media/cuixi/data01/lluoto/6A6I/seed-8549438_sample-3/model.pdb,True,0.587,0.4530182240739553,0.13398177592604466,0.2282483405895139,
6A6I_seed-4381233_sample-2model,/media/cuixi/data01/lluoto/6A6I/seed-4381233_sample-2/model.pdb,True,0.598,0.4340056612413048,0.16399433875869518,0.2742380246800923,
6A6I_seed-5353575_sample-0model,/media/cuixi/data01/lluoto/6A6I/seed-5353575_sample-0/model.pdb,True,0.656,0.505669634601136,0.15033036539886402,0.2291621423763171,
6A6I_seed-181660_sample-2model,/media/cuixi/data01/lluoto/6A6I/seed-181660_sample-2/model.pdb,True,0.608,0.5044672403495594,0.10353275965044062,0.17028414416190893,
6A6I_seed-4821021_sample-3model,/media/cuixi/data01/lluoto/6A6I/seed-4821021_sample-3/model.pdb,True,0.609,0.4618910055494645,0.1471089944505355,0.24155828317000902,
6A6I_seed-9719344_sample-0model,/media/cuixi/data01/lluoto/6A6I/seed-9719344_sample-0/model.pdb,True,0.609,0.4651216755917874,0.14387832440821258,0.23625340625322264,
6A6I_seed-4030619_sample-3model,/media/cuixi/data01/lluoto/6A6I/seed-4030619_sample-3/model.pdb,True,0.582,0.4569727563125924,0.12502724368740759,0.2148234427618687,
6A6I_seed-9134516_sample-2model,/media/cuixi/data01/lluoto/6A6I/seed-9134516_sample-2/model.pdb,True,0.605,0.47870049192359687,0.1262995080764031,0.20875951748165805,
6A6I_seed-7322849_sample-0model,/media/cuixi/data01/lluoto/6A6I/seed-7322849_sample-0/model.pdb,True,0.656,0.5140250600185077,0.14197493998149235,0.21642521338642126,
6A6I_seed-3109649_sample-0model,/media/cuixi/data01/lluoto/6A6I/seed-3109649_sample-0/model.pdb,True,0.562,0.44197980640507706,0.120020193594923,0.2135590633361619,
6A6I_seed-9627247_sample-0model,/media/cuixi/data01/lluoto/6A6I/seed-9627247_sample-0/model.pdb,True,0.609,0.46416722614613937,0.14483277385386062,0.23782064672226702,
6A6I_seed-5021908_sample-2model,/media/cuixi/data01/lluoto/6A6I/seed-5021908_sample-2/model.pdb,True,0.604,0.42946265791112836,0.17453734208887162,0.2889691094186616,
6A6I_seed-8614365_sample-4model,/media/cuixi/data01/lluoto/6A6I/seed-8614365_sample-4/model.pdb,True,0.618,0.5407702726109975,0.07722972738900247,0.12496719642233409,
6A6I_seed-4821021_sample-1model,/media/cuixi/data01/lluoto/6A6I/seed-4821021_sample-1/model.pdb,True,0.603,0.4814871458782432,0.12151285412175677,0.20151385426493662,
6A6I_seed-7051059_sample-0model,/media/cuixi/data01/lluoto/6A6I/seed-7051059_sample-0/model.pdb,True,0.62,0.4905113161789477,0.12948868382105228,0.2088527158404069,
6A6I_seed-8614365_sample-0model,/media/cuixi/data01/lluoto/6A6I/seed-8614365_sample-0/model.pdb,True,0.58,0.4416115128006921,0.13838848719930785,0.23860083999880666,
6A6I_seed-6920217_sample-3model,/media/cuixi/data01/lluoto/6A6I/seed-6920217_sample-3/model.pdb,True,0.645,0.5151057282386622,0.12989427176133783,0.2013864678470354,
6A6I_seed-5527746_sample-2model,/media/cuixi/data01/lluoto/6A6I/seed-5527746_sample-2/model.pdb,True,0.604,0.4670723060252173,0.13692769397478266,0.22670148009069976,
6A6I_seed-60188_sample-1model,/media/cuixi/data01/lluoto/6A6I/seed-60188_sample-1/model.pdb,True,0.643,0.5036758934190777,0.1393241065809223,0.21667823729536906,
6A6I_seed-696361_sample-2model,/media/cuixi/data01/lluoto/6A6I/seed-696361_sample-2/model.pdb,True,0.628,0.506665377644391,0.12133462235560899,0.19320799738154298,
6A6I_seed-5738523_sample-1model,/media/cuixi/data01/lluoto/6A6I/seed-5738523_sample-1/model.pdb,True,0.659,0.5092149657079845,0.1497850342920155,0.22729140256755007,
6A6I_seed-2848065_sample-3model,/media/cuixi/data01/lluoto/6A6I/seed-2848065_sample-3/model.pdb,True,0.593,0.5065870513427898,0.08641294865721016,0.14572166721283333,
6A6I_seed-1753403_sample-0model,/media/cuixi/data01/lluoto/6A6I/seed-1753403_sample-0/model.pdb,True,0.654,0.5384034878711399,0.11559651212886013,0.17675307664963322,
6A6I_seed-5632116_sample-1model,/media/cuixi/data01/lluoto/6A6I/seed-5632116_sample-1/model.pdb,True,0.648,0.5574150261665761,0.0905849738334239,0.139791626286148,
6A6I_seed-4007339_sample-4model,/media/cuixi/data01/lluoto/6A6I/seed-4007339_sample-4/model.pdb,True,0.628,0.47556363610020835,0.15243636389979165,0.2427330635347001,
6A6I_seed-1813257_sample-1model,/media/cuixi/data01/lluoto/6A6I/seed-1813257_sample-1/model.pdb,True,0.61,0.5124007400720614,0.09759925992793861,0.1599987867671125,
6A6I_seed-5662923_sample-4model,/media/cuixi/data01/lluoto/6A6I/seed-5662923_sample-4/model.pdb,True,0.674,0.6231351837980083,0.05086481620199179,0.07546708635310355,
6A6I_seed-3470202_sample-2model,/media/cuixi/data01/lluoto/6A6I/seed-3470202_sample-2/model.pdb,True,0.597,0.4667030437620605,0.13029695623793947,0.2182528580199991,
6A6I_seed-4809025_sample-1model,/media/cuixi/data01/lluoto/6A6I/seed-4809025_sample-1/model.pdb,True,0.617,0.5607309518525496,0.05626904814745037,0.09119780899100546,
6A6I_seed-2232659_sample-2model,/media/cuixi/data01/lluoto/6A6I/seed-2232659_sample-2/model.pdb,True,0.591,0.4751541128721676,0.11584588712783239,0.1960167294887181,
6A6I_seed-7479025_sample-1model,/media/cuixi/data01/lluoto/6A6I/seed-7479025_sample-1/model.pdb,True,0.623,0.4481230190718517,0.1748769809281483,0.28070141400986887,
6A6I_seed-9646241_sample-4model,/media/cuixi/data01/lluoto/6A6I/seed-9646241_sample-4/model.pdb,True,0.606,0.49684734758319526,0.10915265241680472,0.18011988847657545,
6A6I_seed-6893703_sample-0model,/media/cuixi/data01/lluoto/6A6I/seed-6893703_sample-0/model.pdb,True,0.688,0.5765378585270555,0.11146214147294442,0.16200892655951224,
6A6I_seed-3276017_sample-2model,/media/cuixi/data01/lluoto/6A6I/seed-3276017_sample-2/model.pdb,True,0.641,0.48228819721843574,0.15871180278156427,0.24760031635189433,
6A6I_seed-3915180_sample-2model,/media/cuixi/data01/lluoto/6A6I/seed-3915180_sample-2/model.pdb,True,0.586,0.46412742804426865,0.12187257195573131,0.20797367227940497,
6A6I_seed-9104068_sample-1model,/media/cuixi/data01/lluoto/6A6I/seed-9104068_sample-1/model.pdb,True,0.68,0.6005056705352663,0.07949432946473378,0.11690342568343202,
6A6I_seed-8381144_sample-3model,/media/cuixi/data01/lluoto/6A6I/seed-8381144_sample-3/model.pdb,True,0.618,0.5192181677439569,0.09878183225604309,0.15984115251786907,
6A6I_seed-204505_sample-0model,/media/cuixi/data01/lluoto/6A6I/seed-204505_sample-0/model.pdb,True,0.603,0.478493896810271,0.12450610318972899,0.20647778306754394,
6A6I_seed-44925_sample-2model,/media/cuixi/data01/lluoto/6A6I/seed-44925_sample-2/model.pdb,True,0.58,0.42907276214340484,0.15092723785659512,0.26021937561481917,
6A6I_seed-2534801_sample-0model,/media/cuixi/data01/lluoto/6A6I/seed-2534801_sample-0/model.pdb,True,0.584,0.4872590213687298,0.09674097863127018,0.1656523606699832,
6A6I_seed-5528355_sample-2model,/media/cuixi/data01/lluoto/6A6I/seed-5528355_sample-2/model.pdb,True,0.625,0.46146039938361105,0.16353960061638895,0.26166336098622234,
6A6I_seed-2889889_sample-4model,/media/cuixi/data01/lluoto/6A6I/seed-2889889_sample-4/model.pdb,True,0.547,0.4298842839339465,0.11711571606605353,0.21410551383190773,
6A6I_seed-9104068_sample-3model,/media/cuixi/data01/lluoto/6A6I/seed-9104068_sample-3/model.pdb,True,0.633,0.5221671043751843,0.11083289562481569,0.17509146228248923,
6A6I_seed-3199569_sample-1model,/media/cuixi/data01/lluoto/6A6I/seed-3199569_sample-1/model.pdb,True,0.591,0.4903742982302469,0.10062570176975305,0.17026345477115576,
6A6I_seed-4572804_sample-0model,/media/cuixi/data01/lluoto/6A6I/seed-4572804_sample-0/model.pdb,True,0.599,0.450293048628108,0.148706951371892,0.2482586834255292,
6A6I_seed-48323_sample-1model,/media/cuixi/data01/lluoto/6A6I/seed-48323_sample-1/model.pdb,True,0.66,0.5863005818863434,0.07369941811365666,0.1116657850206919,
6A6I_seed-2789072_sample-3model,/media/cuixi/data01/lluoto/6A6I/seed-2789072_sample-3/model.pdb,True,0.63,0.44775565061205325,0.18224434938794676,0.28927674506023293,
6A6I_seed-896766_sample-0model,/media/cuixi/data01/lluoto/6A6I/seed-896766_sample-0/model.pdb,True,0.577,0.4635911655568273,0.11340883444317268,0.196549106487301,
6A6I_seed-1579680_sample-4model,/media/cuixi/data01/lluoto/6A6I/seed-1579680_sample-4/model.pdb,True,0.605,0.485139491696724,0.11986050830327599,0.19811654265004297,
6A6I_seed-7123372_sample-4model,/media/cuixi/data01/lluoto/6A6I/seed-7123372_sample-4/model.pdb,True,0.601,0.4755021771538707,0.12549782284612926,0.20881501305512357,
6A6I_seed-3222937_sample-2model,/media/cuixi/data01/lluoto/6A6I/seed-3222937_sample-2/model.pdb,True,0.638,0.4831919340956169,0.15480806590438312,0.2426458713234845,
6A6I_seed-7568354_sample-1model,/media/cuixi/data01/lluoto/6A6I/seed-7568354_sample-1/model.pdb,True,0.622,0.5264718406517613,0.09552815934823866,0.1535822497560107,
6A6I_seed-3915180_sample-0model,/media/cuixi/data01/lluoto/6A6I/seed-3915180_sample-0/model.pdb,True,0.606,0.49472099821425164,0.11127900178574834,0.18362871581806658,
6A6I_seed-7489234_sample-0model,/media/cuixi/data01/lluoto/6A6I/seed-7489234_sample-0/model.pdb,True,0.584,0.5207848152898424,0.06321518471015752,0.10824517929821495,
6A6I_seed-60188_sample-4model,/media/cuixi/data01/lluoto/6A6I/seed-60188_sample-4/model.pdb,True,0.591,0.4484246694378895,0.14257533056211047,0.2412442141490871,
6A6I_seed-9061760_sample-1model,/media/cuixi/data01/lluoto/6A6I/seed-9061760_sample-1/model.pdb,True,0.629,0.46453667259005843,0.16446332740994157,0.26146792910960504,
6A6I_seed-1818050_sample-4model,/media/cuixi/data01/lluoto/6A6I/seed-1818050_sample-4/model.pdb,True,0.605,0.4911530672420866,0.11384693275791335,0.18817674836018736,
6A6I_seed-4738161_sample-4model,/media/cuixi/data01/lluoto/6A6I/seed-4738161_sample-4/model.pdb,True,0.626,0.48921275334068076,0.13678724665931924,0.21850997868900837,
6A6I_seed-5021908_sample-1model,/media/cuixi/data01/lluoto/6A6I/seed-5021908_sample-1/model.pdb,True,0.623,0.4565897070626388,0.1664102929373612,0.2671112246185573,
6A6I_seed-5731886_sample-3model,/media/cuixi/data01/lluoto/6A6I/seed-5731886_sample-3/model.pdb,True,0.602,0.43391303365431766,0.16808696634568232,0.2792142298101035,
6A6I_seed-7322849_sample-1model,/media/cuixi/data01/lluoto/6A6I/seed-7322849_sample-1/model.pdb,True,0.617,0.5402352505880547,0.07676474941194533,0.12441612546506536,
6A6I_seed-6639928_sample-4model,/media/cuixi/data01/lluoto/6A6I/seed-6639928_sample-4/model.pdb,True,0.622,0.5332464011831232,0.08875359881687683,0.14269067333903027,
6A6I_seed-9539861_sample-3model,/media/cuixi/data01/lluoto/6A6I/seed-9539861_sample-3/model.pdb,True,0.533,0.4546603576560345,0.07833964234396551,0.14697869107685835,
6A6I_seed-5527746_sample-0model,/media/cuixi/data01/lluoto/6A6I/seed-5527746_sample-0/model.pdb,True,0.622,0.5229862367571566,0.09901376324284339,0.15918611453833342,
6A6I_seed-5306243_sample-3model,/media/cuixi/data01/lluoto/6A6I/seed-5306243_sample-3/model.pdb,True,0.627,0.5087451639396144,0.11825483606038556,0.18860420424303917,
6A6I_seed-9646241_sample-0model,/media/cuixi/data01/lluoto/6A6I/seed-9646241_sample-0/model.pdb,True,0.642,0.5197500500742539,0.12224994992574612,0.19042048275038334,
6A6I_seed-9977429_sample-1model,/media/cuixi/data01/lluoto/6A6I/seed-9977429_sample-1/model.pdb,True,0.601,0.49039089287403315,0.11060910712596683,0.18404177558397145,
6A6I_seed-1661761_sample-2model,/media/cuixi/data01/lluoto/6A6I/seed-1661761_sample-2/model.pdb,True,0.613,0.5217362391963133,0.0912637608036867,0.1488805233339098,
6A6I_seed-3226718_sample-4model,/media/cuixi/data01/lluoto/6A6I/seed-3226718_sample-4/model.pdb,True,0.6,0.4815743609000672,0.11842563909993276,0.1973760651665546,
6A6I_seed-2057293_sample-4model,/media/cuixi/data01/lluoto/6A6I/seed-2057293_sample-4/model.pdb,True,0.613,0.47436587421278,0.13863412578722,0.22615681205092988,
6A6I_seed-9497952_sample-0model,/media/cuixi/data01/lluoto/6A6I/seed-9497952_sample-0/model.pdb,True,0.617,0.519290178908203,0.09770982109179704,0.15836275703694822,
6A6I_seed-4582569_sample-4model,/media/cuixi/data01/lluoto/6A6I/seed-4582569_sample-4/model.pdb,True,0.589,0.5114682961371645,0.07753170386283548,0.13163277396067144,
6A6I_seed-6297859_sample-2model,/media/cuixi/data01/lluoto/6A6I/seed-6297859_sample-2/model.pdb,True,0.566,0.441442389582158,0.12455761041784197,0.2200664495014876,
6A6I_seed-732152_sample-4model,/media/cuixi/data01/lluoto/6A6I/seed-732152_sample-4/model.pdb,True,0.637,0.4787321677583233,0.15826783224167673,0.24845813538724762,
6A6I_seed-1485043_sample-4model,/media/cuixi/data01/lluoto/6A6I/seed-1485043_sample-4/model.pdb,True,0.635,0.48408747196939156,0.15091252803060845,0.2376575244576511,
6A6I_seed-5738523_sample-4model,/media/cuixi/data01/lluoto/6A6I/seed-5738523_sample-4/model.pdb,True,0.638,0.5362459467049322,0.10175405329506781,0.15948911174775518,
6A6I_seed-4427077_sample-4model,/media/cuixi/data01/lluoto/6A6I/seed-4427077_sample-4/model.pdb,True,0.617,0.5094318536604949,0.10756814633950507,0.17434059374312005,
6A6I_seed-8331081_sample-3model,/media/cuixi/data01/lluoto/6A6I/seed-8331081_sample-3/model.pdb,True,0.586,0.5063521045664949,0.07964789543350503,0.1359179102960837,
6A6I_seed-4381233_sample-4model,/media/cuixi/data01/lluoto/6A6I/seed-4381233_sample-4/model.pdb,True,0.574,0.472596672324581,0.10140332767541893,0.1766608496087438,
6A6I_seed-1626199_sample-0model,/media/cuixi/data01/lluoto/6A6I/seed-1626199_sample-0/model.pdb,True,0.554,0.43259653394024755,0.1214034660597525,0.21913983043276622,
6A6I_seed-763339_sample-1model,/media/cuixi/data01/lluoto/6A6I/seed-763339_sample-1/model.pdb,True,0.608,0.44746654849458933,0.16053345150541065,0.26403528208126753,
6A6I_seed-5171218_sample-0model,/media/cuixi/data01/lluoto/6A6I/seed-5171218_sample-0/model.pdb,True,0.593,0.4287613611896941,0.16423863881030587,0.27696229141704193,
6A6I_seed-5137724_sample-2model,/media/cuixi/data01/lluoto/6A6I/seed-5137724_sample-2/model.pdb,True,0.625,0.5176213937637307,0.10737860623626927,0.17180576997803082,
6A6I_seed-1813257_sample-3model,/media/cuixi/data01/lluoto/6A6I/seed-1813257_sample-3/model.pdb,True,0.616,0.49913614403681217,0.11686385596318782,0.18971405188829193,
6A6I_seed-3942073_sample-4model,/media/cuixi/data01/lluoto/6A6I/seed-3942073_sample-4/model.pdb,True,0.607,0.4288162409449828,0.1781837590550172,0.29354820272655224,
6A6I_seed-9445303_sample-1model,/media/cuixi/data01/lluoto/6A6I/seed-9445303_sample-1/model.pdb,True,0.574,0.4773396339691185,0.09666036603088146,0.1683978502280165,
6A6I_seed-6142784_sample-2model,/media/cuixi/data01/lluoto/6A6I/seed-6142784_sample-2/model.pdb,True,0.627,0.5130154767215772,0.11398452327842279,0.181793498051711,
6A6I_seed-181660_sample-4model,/media/cuixi/data01/lluoto/6A6I/seed-181660_sample-4/model.pdb,True,0.595,0.49129355235739924,0.10370644764260073,0.17429655065983315,
6A6I_seed-7322849_sample-3model,/media/cuixi/data01/lluoto/6A6I/seed-7322849_sample-3/model.pdb,True,0.593,0.47200822855910907,0.1209917714408909,0.2040333413843017,
6A6I_seed-5945783_sample-2model,/media/cuixi/data01/lluoto/6A6I/seed-5945783_sample-2/model.pdb,True,0.582,0.4488420288501507,0.13315797114984929,0.228793764862284,
6A6I_seed-8331081_sample-2model,/media/cuixi/data01/lluoto/6A6I/seed-8331081_sample-2/model.pdb,True,0.592,0.4189224077553717,0.17307759224462826,0.29236079771052076,
6A6I_seed-4030619_sample-2model,/media/cuixi/data01/lluoto/6A6I/seed-4030619_sample-2/model.pdb,True,0.627,0.5768734445259407,0.05012655547405931,0.07994665944826046,
6A6I_seed-5220729_sample-0model,/media/cuixi/data01/lluoto/6A6I/seed-5220729_sample-0/model.pdb,True,0.64,0.5255718196839563,0.11442818031604374,0.17879403174381833,
6A6I_seed-3722711_sample-3model,/media/cuixi/data01/lluoto/6A6I/seed-3722711_sample-3/model.pdb,True,0.63,0.5120279511317186,0.11797204886828139,0.18725722042584347,
6A6I_seed-1626199_sample-1model,/media/cuixi/data01/lluoto/6A6I/seed-1626199_sample-1/model.pdb,True,0.633,0.48452175428244676,0.14847824571755325,0.23456278944321207,
6A6I_seed-1769132_sample-2model,/media/cuixi/data01/lluoto/6A6I/seed-1769132_sample-2/model.pdb,True,0.574,0.4081735171303483,0.16582648286965168,0.2888963116196023,
6A6I_seed-415646_sample-3model,/media/cuixi/data01/lluoto/6A6I/seed-415646_sample-3/model.pdb,True,0.57,0.45540887260701435,0.1145911273929856,0.20103706560172915,
6A6I_seed-3097929_sample-4model,/media/cuixi/data01/lluoto/6A6I/seed-3097929_sample-4/model.pdb,True,0.584,0.42907856133072686,0.1549214386692731,0.26527643607752244,
6A6I_seed-9079663_sample-0model,/media/cuixi/data01/lluoto/6A6I/seed-9079663_sample-0/model.pdb,True,0.615,0.4725086310690304,0.1424913689309696,0.2316932828145847,
6A6I_seed-4427077_sample-0model,/media/cuixi/data01/lluoto/6A6I/seed-4427077_sample-0/model.pdb,True,0.632,0.46569586085737175,0.16630413914262826,0.2631394606687156,
6A6I_seed-3276017_sample-4model,/media/cuixi/data01/lluoto/6A6I/seed-3276017_sample-4/model.pdb,True,0.662,0.4968745809313444,0.16512541906865563,0.24943416777742541,
6A6I_seed-9104068_sample-4model,/media/cuixi/data01/lluoto/6A6I/seed-9104068_sample-4/model.pdb,True,0.613,0.505776559691724,0.10722344030827602,0.17491588957304408,
6A6I_seed-7051059_sample-3model,/media/cuixi/data01/lluoto/6A6I/seed-7051059_sample-3/model.pdb,True,0.647,0.5741141550233699,0.07288584497663009,0.11265200150947463,
6A6I_seed-3565520_sample-4model,/media/cuixi/data01/lluoto/6A6I/seed-3565520_sample-4/model.pdb,True,0.626,0.4457938510297693,0.18020614897023068,0.2878692475562791,
6A6I_seed-9690929_sample-0model,/media/cuixi/data01/lluoto/6A6I/seed-9690929_sample-0/model.pdb,True,0.592,0.48451106576575187,0.1074889342342481,0.18156914566595964,
6A6I_seed-216089_sample-4model,/media/cuixi/data01/lluoto/6A6I/seed-216089_sample-4/model.pdb,True,0.603,0.44643757841353515,0.15656242158646483,0.2596391734435569,
6A6I_seed-4821021_sample-4model,/media/cuixi/data01/lluoto/6A6I/seed-4821021_sample-4/model.pdb,True,0.602,0.39756430641457047,0.2044356935854295,0.33959417539107895,
6A6I_seed-7002297_sample-0model,/media/cuixi/data01/lluoto/6A6I/seed-7002297_sample-0/model.pdb,True,0.592,0.4886761839812669,0.10332381601873308,0.1745334730046167,
6A6I_seed-8990825_sample-2model,/media/cuixi/data01/lluoto/6A6I/seed-8990825_sample-2/model.pdb,True,0.658,0.56377512128555,0.09422487871445007,0.14319890382135267,
6A6I_seed-3472535_sample-2model,/media/cuixi/data01/lluoto/6A6I/seed-3472535_sample-2/model.pdb,True,0.656,0.5602456984673696,0.09575430153263043,0.1459669230680342,
6A6I_seed-5021908_sample-4model,/media/cuixi/data01/lluoto/6A6I/seed-5021908_sample-4/model.pdb,True,0.578,0.47831209137305986,0.0996879086269401,0.1724704301504154,
6A6I_seed-3878122_sample-0model,/media/cuixi/data01/lluoto/6A6I/seed-3878122_sample-0/model.pdb,True,0.579,0.4216703746628746,0.15732962533712536,0.2717264686306138,
6A6I_seed-634254_sample-2model,/media/cuixi/data01/lluoto/6A6I/seed-634254_sample-2/model.pdb,True,0.588,0.5147252558608771,0.07327474413912283,0.1246169118012293,
6A6I_seed-4809025_sample-4model,/media/cuixi/data01/lluoto/6A6I/seed-4809025_sample-4/model.pdb,True,0.588,0.4533551554362746,0.13464484456372539,0.22898783089068944,
6A6I_seed-9719344_sample-1model,/media/cuixi/data01/lluoto/6A6I/seed-9719344_sample-1/model.pdb,True,0.622,0.48165739000960284,0.14034260999039716,0.2256312057723427,
6A6I_seed-8614365_sample-2model,/media/cuixi/data01/lluoto/6A6I/seed-8614365_sample-2/model.pdb,True,0.577,0.44613501560522684,0.13086498439477312,0.2268023992977004,
6A6I_seed-5353575_sample-4model,/media/cuixi/data01/lluoto/6A6I/seed-5353575_sample-4/model.pdb,True,0.667,0.5675354954079717,0.09946450459202838,0.1491221957901475,
6A6I_seed-6639928_sample-3model,/media/cuixi/data01/lluoto/6A6I/seed-6639928_sample-3/model.pdb,True,0.592,0.40928870134289813,0.18271129865710184,0.30863395043429365,
6A6I_seed-8419699_sample-0model,/media/cuixi/data01/lluoto/6A6I/seed-8419699_sample-0/model.pdb,True,0.565,0.48889288618282634,0.07610711381717361,0.13470285631358161,
6A6I_seed-3859729_sample-2model,/media/cuixi/data01/lluoto/6A6I/seed-3859729_sample-2/model.pdb,True,0.606,0.4177122829662574,0.18828771703374259,0.3107058036860439,
6A6I_seed-2959009_sample-3model,/media/cuixi/data01/lluoto/6A6I/seed-2959009_sample-3/model.pdb,True,0.61,0.470648296471768,0.139351703528232,0.22844541562005247,
6A6I_seed-9646241_sample-2model,/media/cuixi/data01/lluoto/6A6I/seed-9646241_sample-2/model.pdb,True,0.57,0.4777495175398837,0.09225048246011625,0.16184295168441448,
6A6I_seed-2333229_sample-1model,/media/cuixi/data01/lluoto/6A6I/seed-2333229_sample-1/model.pdb,True,0.608,0.5254088616751902,0.0825911383248098,0.13584068803422664,
6A6I_seed-9134516_sample-1model,/media/cuixi/data01/lluoto/6A6I/seed-9134516_sample-1/model.pdb,True,0.606,0.48579960301938563,0.12020039698061435,0.19835049006702038,
6A6I_seed-6892152_sample-2model,/media/cuixi/data01/lluoto/6A6I/seed-6892152_sample-2/model.pdb,True,0.6,0.47543838426036145,0.12456161573963853,0.20760269289939756,
6A6I_seed-7123372_sample-3model,/media/cuixi/data01/lluoto/6A6I/seed-7123372_sample-3/model.pdb,True,0.579,0.4746482463991837,0.10435175360081628,0.1802275537147086,
6A6I_seed-7225604_sample-0model,/media/cuixi/data01/lluoto/6A6I/seed-7225604_sample-0/model.pdb,True,0.554,0.4222912785130804,0.13170872148691964,0.2377413745251257,
6A6I_seed-634254_sample-1model,/media/cuixi/data01/lluoto/6A6I/seed-634254_sample-1/model.pdb,True,0.612,0.5135225692498857,0.09847743075011428,0.16091083455901026,
6A6I_seed-1626957_sample-2model,/media/cuixi/data01/lluoto/6A6I/seed-1626957_sample-2/model.pdb,True,0.611,0.4965524487027989,0.11444755129720108,0.1873118679168594,
6A6I_seed-5220729_sample-3model,/media/cuixi/data01/lluoto/6A6I/seed-5220729_sample-3/model.pdb,True,0.654,0.4936752529254623,0.1603247470745377,0.24514487320265702,
6A6I_seed-9814955_sample-1model,/media/cuixi/data01/lluoto/6A6I/seed-9814955_sample-1/model.pdb,True,0.659,0.5140269208514054,0.14497307914859459,0.21998949794930892,
6A6I_seed-1903384_sample-4model,/media/cuixi/data01/lluoto/6A6I/seed-1903384_sample-4/model.pdb,True,0.651,0.5052199355520334,0.14578006444796665,0.22393251067275982,
6A6I_seed-36904_sample-3model,/media/cuixi/data01/lluoto/6A6I/seed-36904_sample-3/model.pdb,True,0.633,0.5186208908516062,0.11437910914839378,0.18069369533711496,
6A6I_seed-5220729_sample-1model,/media/cuixi/data01/lluoto/6A6I/seed-5220729_sample-1/model.pdb,True,0.565,0.48933037142953145,0.0756696285704685,0.13392854614242214,
6A6I_seed-60188_sample-0model,/media/cuixi/data01/lluoto/6A6I/seed-60188_sample-0/model.pdb,True,0.625,0.5540670644632809,0.07093293553671909,0.11349269685875055,
6A6I_seed-2323720_sample-0model,/media/cuixi/data01/lluoto/6A6I/seed-2323720_sample-0/model.pdb,True,0.627,0.5013159951941615,0.12568400480583852,0.20045295822302794,
6A6I_seed-634254_sample-3model,/media/cuixi/data01/lluoto/6A6I/seed-634254_sample-3/model.pdb,True,0.602,0.4359907385182429,0.1660092614817571,0.275762892826839,
6A6I_seed-4427077_sample-1model,/media/cuixi/data01/lluoto/6A6I/seed-4427077_sample-1/model.pdb,True,0.622,0.5103859003272899,0.11161409967271008,0.17944389014905157,
6A6I_seed-3021569_sample-1model,/media/cuixi/data01/lluoto/6A6I/seed-3021569_sample-1/model.pdb,True,0.684,0.5254447256727006,0.15855527432729943,0.2318059566188588,
6A6I_seed-630484_sample-3model,/media/cuixi/data01/lluoto/6A6I/seed-630484_sample-3/model.pdb,True,0.64,0.5032371736294772,0.13676282637052284,0.21369191620394193,
6A6I_seed-4030619_sample-0model,/media/cuixi/data01/lluoto/6A6I/seed-4030619_sample-0/model.pdb,True,0.626,0.4991760724987878,0.12682392750121219,0.20259413338851787,
6A6I_seed-4629991_sample-3model,/media/cuixi/data01/lluoto/6A6I/seed-4629991_sample-3/model.pdb,True,0.602,0.4878176249004304,0.11418237509956958,0.18967171943450098,
6A6I_seed-7889442_sample-1model,/media/cuixi/data01/lluoto/6A6I/seed-7889442_sample-1/model.pdb,True,0.657,0.554797932485312,0.10220206751468808,0.1555587024576683,
6A6I_seed-6468151_sample-2model,/media/cuixi/data01/lluoto/6A6I/seed-6468151_sample-2/model.pdb,True,0.576,0.47400290211086615,0.1019970978891338,0.17707829494641286,
6A6I_seed-4449613_sample-3model,/media/cuixi/data01/lluoto/6A6I/seed-4449613_sample-3/model.pdb,True,0.584,0.4191804312310408,0.16481956876895915,0.28222528898794375,
6A6I_seed-2323720_sample-4model,/media/cuixi/data01/lluoto/6A6I/seed-2323720_sample-4/model.pdb,True,0.62,0.5055682865228771,0.11443171347712289,0.18456727980181112,
6A6I_seed-3749828_sample-4model,/media/cuixi/data01/lluoto/6A6I/seed-3749828_sample-4/model.pdb,True,0.619,0.4716980234671994,0.14730197653280058,0.23796765191082486,
6A6I_seed-7884671_sample-2model,/media/cuixi/data01/lluoto/6A6I/seed-7884671_sample-2/model.pdb,True,0.606,0.4899305891854263,0.11606941081457367,0.19153368121216777,
6A6I_seed-8990825_sample-4model,/media/cuixi/data01/lluoto/6A6I/seed-8990825_sample-4/model.pdb,True,0.579,0.49293433168623213,0.08606566831376783,0.14864536841756104,
6A6I_seed-6920217_sample-2model,/media/cuixi/data01/lluoto/6A6I/seed-6920217_sample-2/model.pdb,True,0.585,0.4126413534740045,0.17235864652599547,0.2946301650017017,
6A6I_seed-727438_sample-1model,/media/cuixi/data01/lluoto/6A6I/seed-727438_sample-1/model.pdb,True,0.625,0.5255379381271424,0.09946206187285755,0.1591392989965721,
6A6I_seed-6297859_sample-1model,/media/cuixi/data01/lluoto/6A6I/seed-6297859_sample-1/model.pdb,True,0.625,0.5284522037069783,0.09654779629302168,0.1544764740688347,
6A6I_seed-4647284_sample-3model,/media/cuixi/data01/lluoto/6A6I/seed-4647284_sample-3/model.pdb,True,0.596,0.4230197469008866,0.17298025309911336,0.29023532399180096,
6A6I_seed-8381144_sample-4model,/media/cuixi/data01/lluoto/6A6I/seed-8381144_sample-4/model.pdb,True,0.642,0.4441552792920538,0.19784472070794623,0.3081693468971125,
6A6I_seed-634254_sample-0model,/media/cuixi/data01/lluoto/6A6I/seed-634254_sample-0/model.pdb,True,0.557,0.4848857088659394,0.07211429113406065,0.1294691043699473,
6A6I_seed-6585008_sample-1model,/media/cuixi/data01/lluoto/6A6I/seed-6585008_sample-1/model.pdb,True,0.649,0.5863593670692926,0.06264063293070743,0.09651869480848602,
6A6I_seed-7541423_sample-1model,/media/cuixi/data01/lluoto/6A6I/seed-7541423_sample-1/model.pdb,True,0.599,0.4663503629997755,0.13264963700022447,0.22145181469152667,
6A6I_seed-8814418_sample-1model,/media/cuixi/data01/lluoto/6A6I/seed-8814418_sample-1/model.pdb,True,0.578,0.48153404228471985,0.0964659577152801,0.16689612061467146,
6A6I_seed-6461658_sample-0model,/media/cuixi/data01/lluoto/6A6I/seed-6461658_sample-0/model.pdb,True,0.581,0.4890895305929649,0.09191046940703507,0.15819357901382974,
6A6I_seed-3109649_sample-4model,/media/cuixi/data01/lluoto/6A6I/seed-3109649_sample-4/model.pdb,True,0.621,0.4629184877360635,0.15808151226393652,0.25455960106914094,
6A6I_seed-8814418_sample-0model,/media/cuixi/data01/lluoto/6A6I/seed-8814418_sample-0/model.pdb,True,0.572,0.40142705156442193,0.17057294843557802,0.2982044553069546,
6A6I_seed-3048189_sample-1model,/media/cuixi/data01/lluoto/6A6I/seed-3048189_sample-1/model.pdb,True,0.598,0.5028019820062124,0.09519801799378758,0.15919401002305616,
6A6I_seed-7541423_sample-2model,/media/cuixi/data01/lluoto/6A6I/seed-7541423_sample-2/model.pdb,True,0.572,0.4470486978554967,0.12495130214450323,0.21844633242046022,
6A6I_seed-7328819_sample-3model,/media/cuixi/data01/lluoto/6A6I/seed-7328819_sample-3/model.pdb,True,0.69,0.6336780732593508,0.056321926740649175,0.08162598078354953,
6A6I_seed-8990825_sample-3model,/media/cuixi/data01/lluoto/6A6I/seed-8990825_sample-3/model.pdb,True,0.589,0.43059433191989105,0.15840566808010892,0.2689400137183513,
6A6I_seed-1864551_sample-4model,/media/cuixi/data01/lluoto/6A6I/seed-1864551_sample-4/model.pdb,True,0.661,0.5167032619297794,0.1442967380702206,0.21830066273860904,
6A6I_seed-4738161_sample-3model,/media/cuixi/data01/lluoto/6A6I/seed-4738161_sample-3/model.pdb,True,0.609,0.4722097897107271,0.1367902102892729,0.224614466813256,
6A6I_seed-2323720_sample-2model,/media/cuixi/data01/lluoto/6A6I/seed-2323720_sample-2/model.pdb,True,0.636,0.48910448518308697,0.14689551481691304,0.23096779059263056,
6A6I_seed-1937927_sample-2model,/media/cuixi/data01/lluoto/6A6I/seed-1937927_sample-2/model.pdb,True,0.634,0.47832903952547234,0.15567096047452766,0.2455377925465736,
6A6I_seed-7328819_sample-2model,/media/cuixi/data01/lluoto/6A6I/seed-7328819_sample-2/model.pdb,True,0.601,0.4104484526164044,0.1905515473835956,0.31705748316738036,
6A6I_seed-9033122_sample-1model,/media/cuixi/data01/lluoto/6A6I/seed-9033122_sample-1/model.pdb,True,0.601,0.4838439317972789,0.11715606820272106,0.1949352216351432,
6A6I_seed-7898620_sample-1model,/media/cuixi/data01/lluoto/6A6I/seed-7898620_sample-1/model.pdb,True,0.686,0.5880662326867049,0.09793376731329517,0.14276059375115913,
6A6I_seed-204505_sample-2model,/media/cuixi/data01/lluoto/6A6I/seed-204505_sample-2/model.pdb,True,0.649,0.5470147490275451,0.10198525097245492,0.15714214325493825,
6A6I_seed-3274062_sample-3model,/media/cuixi/data01/lluoto/6A6I/seed-3274062_sample-3/model.pdb,True,0.614,0.5279109539604103,0.08608904603958967,0.14021017270291478,
6A6I_seed-6826974_sample-1model,/media/cuixi/data01/lluoto/6A6I/seed-6826974_sample-1/model.pdb,True,0.656,0.5143349610286769,0.1416650389713231,0.21595280330994374,
6A6I_seed-5528355_sample-3model,/media/cuixi/data01/lluoto/6A6I/seed-5528355_sample-3/model.pdb,True,0.594,0.4757877760193376,0.11821222398066239,0.19901047808192324,
6A6I_seed-7479025_sample-3model,/media/cuixi/data01/lluoto/6A6I/seed-7479025_sample-3/model.pdb,True,0.589,0.46903102878369207,0.1199689712163079,0.20368246386469932,
6A6I_seed-3859729_sample-0model,/media/cuixi/data01/lluoto/6A6I/seed-3859729_sample-0/model.pdb,True,0.591,0.48218472969793613,0.10881527030206384,0.1841205927276884,
6A6I_seed-5681811_sample-4model,/media/cuixi/data01/lluoto/6A6I/seed-5681811_sample-4/model.pdb,True,0.565,0.43988527435681846,0.1251147256431815,0.2214419922888168,
6A6I_seed-7002297_sample-3model,/media/cuixi/data01/lluoto/6A6I/seed-7002297_sample-3/model.pdb,True,0.671,0.5843947369445817,0.08660526305541838,0.12906894643132397,
6A6I_seed-1769132_sample-1model,/media/cuixi/data01/lluoto/6A6I/seed-1769132_sample-1/model.pdb,True,0.679,0.5892003248511984,0.0897996751488016,0.13225283527069456,
6A6I_seed-2848065_sample-0model,/media/cuixi/data01/lluoto/6A6I/seed-2848065_sample-0/model.pdb,True,0.63,0.46231288730339853,0.16768711269660147,0.2661700201533357,
6A6I_seed-7745187_sample-1model,/media/cuixi/data01/lluoto/6A6I/seed-7745187_sample-1/model.pdb,True,0.601,0.46597785191696584,0.13502214808303414,0.22466247601170408,
6A6I_seed-6440069_sample-2model,/media/cuixi/data01/lluoto/6A6I/seed-6440069_sample-2/model.pdb,True,0.629,0.49345691168467976,0.13554308831532025,0.2154898065426395,
6A6I_seed-6672233_sample-1model,/media/cuixi/data01/lluoto/6A6I/seed-6672233_sample-1/model.pdb,True,0.615,0.4982142292379797,0.11678577076202029,0.18989556221466714,
6A6I_seed-7123372_sample-1model,/media/cuixi/data01/lluoto/6A6I/seed-7123372_sample-1/model.pdb,True,0.581,0.44566135229445913,0.13533864770554083,0.2329408738477467,
6A6I_seed-5061350_sample-3model,/media/cuixi/data01/lluoto/6A6I/seed-5061350_sample-3/model.pdb,True,0.583,0.41596488699551293,0.16703511300448703,0.2865096277950035,
6A6I_seed-7884671_sample-0model,/media/cuixi/data01/lluoto/6A6I/seed-7884671_sample-0/model.pdb,True,0.604,0.4751886053509968,0.1288113946490032,0.213263898425502,
6A6I_seed-6085369_sample-2model,/media/cuixi/data01/lluoto/6A6I/seed-6085369_sample-2/model.pdb,True,0.585,0.4113540209095806,0.17364597909041934,0.29683073348789635,
6A6I_seed-6675204_sample-0model,/media/cuixi/data01/lluoto/6A6I/seed-6675204_sample-0/model.pdb,True,0.577,0.4960924006857997,0.08090759931420027,0.14022114265892596,
6A6I_seed-4582569_sample-2model,/media/cuixi/data01/lluoto/6A6I/seed-4582569_sample-2/model.pdb,True,0.636,0.5271618041552182,0.10883819584478183,0.17112923874965696,
6A6I_seed-9627247_sample-2model,/media/cuixi/data01/lluoto/6A6I/seed-9627247_sample-2/model.pdb,True,0.624,0.4819199818080381,0.14208001819196192,0.22769233684609283,
6A6I_seed-8381144_sample-0model,/media/cuixi/data01/lluoto/6A6I/seed-8381144_sample-0/model.pdb,True,0.608,0.4693479949186109,0.13865200508138908,0.2280460609891268,
6A6I_seed-5738523_sample-3model,/media/cuixi/data01/lluoto/6A6I/seed-5738523_sample-3/model.pdb,True,0.64,0.5174702860221732,0.12252971397782686,0.19145267809035446,
6A6I_seed-8248319_sample-4model,/media/cuixi/data01/lluoto/6A6I/seed-8248319_sample-4/model.pdb,True,0.611,0.4486781428846865,0.1623218571153135,0.26566588725910556,
6A6I_seed-5385502_sample-4model,/media/cuixi/data01/lluoto/6A6I/seed-5385502_sample-4/model.pdb,True,0.657,0.4745533207433962,0.18244667925660385,0.2776966198730652,
6A6I_seed-4517818_sample-4model,/media/cuixi/data01/lluoto/6A6I/seed-4517818_sample-4/model.pdb,True,0.632,0.5396796222987806,0.09232037770121937,0.14607654699560027,
6A6I_seed-7319590_sample-4model,/media/cuixi/data01/lluoto/6A6I/seed-7319590_sample-4/model.pdb,True,0.626,0.5161440548732001,0.10985594512679986,0.17548873023450456,
6A6I_seed-4582569_sample-0model,/media/cuixi/data01/lluoto/6A6I/seed-4582569_sample-0/model.pdb,True,0.591,0.49986527058771485,0.09113472941228512,0.15420427988542323,
6A6I_seed-711962_sample-3model,/media/cuixi/data01/lluoto/6A6I/seed-711962_sample-3/model.pdb,True,0.596,0.518768361510445,0.07723163848955494,0.12958328605630023,
6A6I_seed-1818050_sample-2model,/media/cuixi/data01/lluoto/6A6I/seed-1818050_sample-2/model.pdb,True,0.599,0.4638825880403954,0.13511741195960458,0.22557163933156024,
6A6I_seed-2111856_sample-1model,/media/cuixi/data01/lluoto/6A6I/seed-2111856_sample-1/model.pdb,True,0.661,0.5521818985705642,0.10881810142943582,0.16462647720035675,
6A6I_seed-6675204_sample-4model,/media/cuixi/data01/lluoto/6A6I/seed-6675204_sample-4/model.pdb,True,0.635,0.5312397218977749,0.1037602781022251,0.1634020127594096,
6A6I_seed-3276017_sample-0model,/media/cuixi/data01/lluoto/6A6I/seed-3276017_sample-0/model.pdb,True,0.62,0.480230401211991,0.139769598788009,0.2254348367548532,
6A6I_seed-4271867_sample-4model,/media/cuixi/data01/lluoto/6A6I/seed-4271867_sample-4/model.pdb,True,0.619,0.4515510609182032,0.1674489390817968,0.2705152489205118,
6A6I_seed-1240546_sample-0model,/media/cuixi/data01/lluoto/6A6I/seed-1240546_sample-0/model.pdb,True,0.632,0.5154833101215157,0.11651668987848429,0.1843618510735511,
6A6I_seed-9061760_sample-2model,/media/cuixi/data01/lluoto/6A6I/seed-9061760_sample-2/model.pdb,True,0.632,0.545450958802123,0.08654904119787699,0.13694468543967878,
6A6I_seed-4231265_sample-1model,/media/cuixi/data01/lluoto/6A6I/seed-4231265_sample-1/model.pdb,True,0.639,0.5469093955368798,0.09209060446312023,0.1441167518984667,
6A6I_seed-4738161_sample-1model,/media/cuixi/data01/lluoto/6A6I/seed-4738161_sample-1/model.pdb,True,0.616,0.4440978502159263,0.1719021497840737,0.2790619314676521,
6A6I_seed-3915180_sample-3model,/media/cuixi/data01/lluoto/6A6I/seed-3915180_sample-3/model.pdb,True,0.563,0.4611383232812384,0.10186167671876156,0.18092660163190333,
6A6I_seed-6786686_sample-1model,/media/cuixi/data01/lluoto/6A6I/seed-6786686_sample-1/model.pdb,True,0.597,0.43917778470578794,0.15782221529421203,0.2643588195882949,
6A6I_seed-44925_sample-3model,/media/cuixi/data01/lluoto/6A6I/seed-44925_sample-3/model.pdb,True,0.59,0.4985210676959676,0.09147893230403237,0.1550490378034447,
6A6I_seed-4231265_sample-4model,/media/cuixi/data01/lluoto/6A6I/seed-4231265_sample-4/model.pdb,True,0.597,0.44725764362911125,0.14974235637088873,0.2508247175391771,
6A6I_seed-3931180_sample-4model,/media/cuixi/data01/lluoto/6A6I/seed-3931180_sample-4/model.pdb,True,0.64,0.5000567577652858,0.13994324223471422,0.21866131599174096,
6A6I_seed-3226718_sample-0model,/media/cuixi/data01/lluoto/6A6I/seed-3226718_sample-0/model.pdb,True,0.632,0.4512725706539745,0.18072742934602548,0.2859611223829517,
6A6I_seed-9079663_sample-1model,/media/cuixi/data01/lluoto/6A6I/seed-9079663_sample-1/model.pdb,True,0.574,0.4560742933797399,0.11792570662026003,0.20544548191682935,
6A6I_seed-5306243_sample-1model,/media/cuixi/data01/lluoto/6A6I/seed-5306243_sample-1/model.pdb,True,0.627,0.499573870138867,0.127426129861133,0.20323146708314674,
6A6I_seed-6639928_sample-0model,/media/cuixi/data01/lluoto/6A6I/seed-6639928_sample-0/model.pdb,True,0.562,0.46336377333848844,0.09863622666151162,0.17550930010945126,
6A6I_seed-6672233_sample-0model,/media/cuixi/data01/lluoto/6A6I/seed-6672233_sample-0/model.pdb,True,0.633,0.514996900447658,0.118003099552342,0.18641879866088784,
6A6I_seed-2726442_sample-2model,/media/cuixi/data01/lluoto/6A6I/seed-2726442_sample-2/model.pdb,True,0.57,0.4791529401804859,0.09084705981951408,0.1593808067009019,
6A6I_seed-1240546_sample-1model,/media/cuixi/data01/lluoto/6A6I/seed-1240546_sample-1/model.pdb,True,0.613,0.4713593354085355,0.14164066459146452,0.23106144305296006,
6A6I_seed-4626543_sample-3model,/media/cuixi/data01/lluoto/6A6I/seed-4626543_sample-3/model.pdb,True,0.597,0.5235830014714863,0.07341699852851369,0.12297654694893416,
6A6I_seed-3276017_sample-1model,/media/cuixi/data01/lluoto/6A6I/seed-3276017_sample-1/model.pdb,True,0.584,0.5230147483875837,0.0609852516124163,0.1044268007061923,
6A6I_seed-6297859_sample-3model,/media/cuixi/data01/lluoto/6A6I/seed-6297859_sample-3/model.pdb,True,0.616,0.4729348887535681,0.1430651112464319,0.2322485572182336,
6A6I_seed-3780606_sample-0model,/media/cuixi/data01/lluoto/6A6I/seed-3780606_sample-0/model.pdb,True,0.629,0.5500752588135517,0.07892474118644832,0.1254765360674854,
6A6I_seed-3878122_sample-2model,/media/cuixi/data01/lluoto/6A6I/seed-3878122_sample-2/model.pdb,True,0.654,0.47130160645416547,0.18269839354583456,0.27935534181320265,
6A6I_seed-279716_sample-1model,/media/cuixi/data01/lluoto/6A6I/seed-279716_sample-1/model.pdb,True,0.64,0.5485594128623492,0.0914405871376508,0.14287591740257938,
6A6I_seed-5061350_sample-2model,/media/cuixi/data01/lluoto/6A6I/seed-5061350_sample-2/model.pdb,True,0.589,0.46883328767832166,0.1201667123216783,0.20401818730335877,
6A6I_seed-711962_sample-0model,/media/cuixi/data01/lluoto/6A6I/seed-711962_sample-0/model.pdb,True,0.606,0.4677747161056456,0.1382252838943544,0.22809452787847262,
6A6I_seed-48323_sample-2model,/media/cuixi/data01/lluoto/6A6I/seed-48323_sample-2/model.pdb,True,0.632,0.4760673732913814,0.15593262670861863,0.24672883972882695,
6A6I_seed-7051059_sample-1model,/media/cuixi/data01/lluoto/6A6I/seed-7051059_sample-1/model.pdb,True,0.595,0.5012793443497415,0.09372065565025844,0.1575137069752243,
6A6I_seed-3576985_sample-2model,/media/cuixi/data01/lluoto/6A6I/seed-3576985_sample-2/model.pdb,True,0.601,0.46479857971164185,0.13620142028835813,0.2266246593816275,
6A6I_seed-8793655_sample-4model,/media/cuixi/data01/lluoto/6A6I/seed-8793655_sample-4/model.pdb,True,0.663,0.5459563543376955,0.11704364566230452,0.17653641879683937,
6A6I_seed-3199569_sample-2model,/media/cuixi/data01/lluoto/6A6I/seed-3199569_sample-2/model.pdb,True,0.611,0.4619945736042444,0.1490054263957556,0.24387140162971455,
6A6I_seed-1197375_sample-0model,/media/cuixi/data01/lluoto/6A6I/seed-1197375_sample-0/model.pdb,True,0.625,0.5130582919766429,0.11194170802335712,0.17910673283737139,
6A6I_seed-763339_sample-0model,/media/cuixi/data01/lluoto/6A6I/seed-763339_sample-0/model.pdb,True,0.589,0.4362840270166948,0.1527159729833052,0.2592800899546778,
6A6I_seed-279716_sample-3model,/media/cuixi/data01/lluoto/6A6I/seed-279716_sample-3/model.pdb,True,0.644,0.5374264888332985,0.10657351116670155,0.1654868185818347,
6A6I_seed-5681811_sample-0model,/media/cuixi/data01/lluoto/6A6I/seed-5681811_sample-0/model.pdb,True,0.616,0.4767277367311823,0.1392722632688177,0.2260913364753534,
6A6I_seed-6439119_sample-3model,/media/cuixi/data01/lluoto/6A6I/seed-6439119_sample-3/model.pdb,True,0.602,0.4825851417003727,0.11941485829962728,0.19836355199273636,
6A6I_seed-7884671_sample-4model,/media/cuixi/data01/lluoto/6A6I/seed-7884671_sample-4/model.pdb,True,0.6,0.4662006392194741,0.1337993607805259,0.22299893463420983,
6A6I_seed-9690929_sample-1model,/media/cuixi/data01/lluoto/6A6I/seed-9690929_sample-1/model.pdb,True,0.6,0.4542426956238682,0.14575730437613177,0.2429288406268863,
6A6I_seed-9356200_sample-4model,/media/cuixi/data01/lluoto/6A6I/seed-9356200_sample-4/model.pdb,True,0.581,0.45022334952558896,0.130776650474411,0.22508889926748885,
6A6I_seed-6468151_sample-0model,/media/cuixi/data01/lluoto/6A6I/seed-6468151_sample-0/model.pdb,True,0.635,0.4858905084870207,0.1491094915129793,0.23481809687083355,
6A6I_seed-6461658_sample-4model,/media/cuixi/data01/lluoto/6A6I/seed-6461658_sample-4/model.pdb,True,0.567,0.367250993739968,0.19974900626003195,0.352291016331626,
6A6I_seed-1769132_sample-3model,/media/cuixi/data01/lluoto/6A6I/seed-1769132_sample-3/model.pdb,True,0.599,0.4640108965819978,0.1349891034180022,0.22535743475459463,
6A6I_seed-1485043_sample-3model,/media/cuixi/data01/lluoto/6A6I/seed-1485043_sample-3/model.pdb,True,0.608,0.48265140315021027,0.12534859684978972,0.20616545534504888,
6A6I_seed-1197375_sample-4model,/media/cuixi/data01/lluoto/6A6I/seed-1197375_sample-4/model.pdb,True,0.577,0.4931486704636183,0.08385132953638164,0.1453229281393096,
6A6I_seed-3878122_sample-3model,/media/cuixi/data01/lluoto/6A6I/seed-3878122_sample-3/model.pdb,True,0.641,0.52992083080484,0.11107916919516003,0.17329043556187212,
6A6I_seed-6672233_sample-3model,/media/cuixi/data01/lluoto/6A6I/seed-6672233_sample-3/model.pdb,True,0.687,0.5515698842667583,0.1354301157332417,0.1971326284326662,
6A6I_seed-1579680_sample-1model,/media/cuixi/data01/lluoto/6A6I/seed-1579680_sample-1/model.pdb,True,0.64,0.4697302720705816,0.1702697279294184,0.26604644988971626,
6A6I_seed-9356200_sample-1model,/media/cuixi/data01/lluoto/6A6I/seed-9356200_sample-1/model.pdb,True,0.697,0.5788769874627316,0.11812301253726831,0.1694734756632257,
6A6I_seed-7568354_sample-2model,/media/cuixi/data01/lluoto/6A6I/seed-7568354_sample-2/model.pdb,True,0.584,0.46485689768933625,0.11914310231066372,0.20401216149086254,
6A6I_seed-7745187_sample-0model,/media/cuixi/data01/lluoto/6A6I/seed-7745187_sample-0/model.pdb,True,0.572,0.46155062689474835,0.1104493731052516,0.19309330962456575,
6A6I_seed-2889889_sample-0model,/media/cuixi/data01/lluoto/6A6I/seed-2889889_sample-0/model.pdb,True,0.622,0.47555361857493705,0.14644638142506294,0.23544434312711085,
6A6I_seed-8578291_sample-0model,/media/cuixi/data01/lluoto/6A6I/seed-8578291_sample-0/model.pdb,True,0.647,0.4864054796483735,0.16059452035162652,0.24821409637036557,
6A6I_seed-2323720_sample-3model,/media/cuixi/data01/lluoto/6A6I/seed-2323720_sample-3/model.pdb,True,0.623,0.4628287930147275,0.16017120698527249,0.25709664042579855,
6A6I_seed-3199569_sample-3model,/media/cuixi/data01/lluoto/6A6I/seed-3199569_sample-3/model.pdb,True,0.599,0.4947982770241039,0.10420172297589608,0.17395947074440082,
6A6I_seed-958038_sample-3model,/media/cuixi/data01/lluoto/6A6I/seed-958038_sample-3/model.pdb,True,0.608,0.42032224605555746,0.18767775394444253,0.30868051635599103,
6A6I_seed-5442239_sample-4model,/media/cuixi/data01/lluoto/6A6I/seed-5442239_sample-4/model.pdb,True,0.586,0.4214187843578959,0.16458121564210404,0.2808553167953994,
6A6I_seed-8248319_sample-0model,/media/cuixi/data01/lluoto/6A6I/seed-8248319_sample-0/model.pdb,True,0.59,0.4774531255027469,0.11254687449725309,0.1907574144021239,
6A6I_seed-5731886_sample-1model,/media/cuixi/data01/lluoto/6A6I/seed-5731886_sample-1/model.pdb,True,0.632,0.5444350104544581,0.08756498954554193,0.13855219864800938,
6A6I_seed-711962_sample-4model,/media/cuixi/data01/lluoto/6A6I/seed-711962_sample-4/model.pdb,True,0.628,0.513833150005643,0.114166849994357,0.1817943471247723,
6A6I_seed-763339_sample-3model,/media/cuixi/data01/lluoto/6A6I/seed-763339_sample-3/model.pdb,True,0.634,0.48982452166553614,0.14417547833446387,0.22740611724678844,
6A6I_seed-2220012_sample-4model,/media/cuixi/data01/lluoto/6A6I/seed-2220012_sample-4/model.pdb,True,0.597,0.5329241163996989,0.06407588360030103,0.10732978827521111,
6A6I_seed-6468151_sample-3model,/media/cuixi/data01/lluoto/6A6I/seed-6468151_sample-3/model.pdb,True,0.566,0.4730527610381963,0.09294723896180362,0.16421773668163187,
6A6I_seed-7278045_sample-4model,/media/cuixi/data01/lluoto/6A6I/seed-7278045_sample-4/model.pdb,True,0.618,0.459962113044784,0.15803788695521598,0.2557247361734886,
6A6I_seed-3299573_sample-1model,/media/cuixi/data01/lluoto/6A6I/seed-3299573_sample-1/model.pdb,True,0.613,0.47905702258485816,0.13394297741514183,0.218504041460264,
6A6I_seed-62687_sample-3model,/media/cuixi/data01/lluoto/6A6I/seed-62687_sample-3/model.pdb,True,0.614,0.47850538609422844,0.13549461390577155,0.2206752669475107,
6A6I_seed-2232659_sample-0model,/media/cuixi/data01/lluoto/6A6I/seed-2232659_sample-0/model.pdb,True,0.608,0.5486783447220588,0.0593216552779412,0.09756851197029803,
6A6I_seed-1864551_sample-3model,/media/cuixi/data01/lluoto/6A6I/seed-1864551_sample-3/model.pdb,True,0.649,0.5066460690481079,0.14235393095189208,0.21934349915545776,
6A6I_seed-6585008_sample-3model,/media/cuixi/data01/lluoto/6A6I/seed-6585008_sample-3/model.pdb,True,0.633,0.592328155577021,0.040671844422979,0.06425251883566982,
6A6I_seed-727438_sample-0model,/media/cuixi/data01/lluoto/6A6I/seed-727438_sample-0/model.pdb,True,0.626,0.47988125735975795,0.14611874264024205,0.23341652178952405,
6A6I_seed-2188843_sample-2model,/media/cuixi/data01/lluoto/6A6I/seed-2188843_sample-2/model.pdb,True,0.587,0.4974953663657331,0.08950463363426686,0.15247808114866587,
6A6I_seed-1903384_sample-0model,/media/cuixi/data01/lluoto/6A6I/seed-1903384_sample-0/model.pdb,True,0.614,0.4541378363425145,0.1598621636574855,0.26036183006105135,
6A6I_seed-1020037_sample-0model,/media/cuixi/data01/lluoto/6A6I/seed-1020037_sample-0/model.pdb,True,0.608,0.5171165033000096,0.09088349669999041,0.14947943536182634,
6A6I_seed-9758665_sample-2model,/media/cuixi/data01/lluoto/6A6I/seed-9758665_sample-2/model.pdb,True,0.617,0.5107867684124617,0.10621323158753826,0.17214462169779296,
6A6I_seed-5220729_sample-4model,/media/cuixi/data01/lluoto/6A6I/seed-5220729_sample-4/model.pdb,True,0.621,0.4475275690131493,0.17347243098685072,0.2793436891897757,
6A6I_seed-8614365_sample-3model,/media/cuixi/data01/lluoto/6A6I/seed-8614365_sample-3/model.pdb,True,0.556,0.441941293012654,0.11405870698734605,0.20514155932975905,
6A6I_seed-1042502_sample-3model,/media/cuixi/data01/lluoto/6A6I/seed-1042502_sample-3/model.pdb,True,0.597,0.4461123675273122,0.15088763247268777,0.2527431029693263,
